title,genre,description,detailedDescription
警察官,公共安全,社会の安全を守る,警察官は、犯罪の予防と取り締まり、交通安全の確保、地域の安全維持など、幅広い業務を担当します。24時間体制で市民の安全を守ります。
消防士,公共安全,火災から人々を守る,消防士は、火災の消火活動、救急救助、災害対応など、緊急時に市民の生命と財産を守る重要な役割を果たします。体力と精神力が求められる職業です。
保安官,公共安全,地域の法執行を担当,保安官は、地方自治体レベルでの法執行を担当し、地域の安全を維持します。犯罪捜査や地域コミュニティとの連携が主な業務です。
海上保安官,公共安全,海上の安全を守る,海上保安官は、海上での法執行、救助活動、海洋環境の保護などを行います。海上交通の安全確保や密輸の取り締まりも担当します。
刑事,公共安全,犯罪を捜査する,刑事は、重大犯罪の捜査を専門とする警察官です。証拠収集、容疑者の特定と逮捕、裁判のための準備などが主な業務となります。
医者,医療,人々の健康をサポートする,医者は、患者の診断、治療、手術、健康相談など、人々の健康と生命を守る重要な役割を果たします。専門分野に応じて様々な診療科があります。
薬剤師,医療,薬の専門家,薬剤師は、患者に適切な薬を提供し、その使用方法や副作用についてアドバイスを行います。医療チームの一員として、患者の健康管理に重要な役割を果たします。
看護師,医療,患者のケアを行う,看護師は、医師の指示のもと、患者の日常的なケア、投薬、処置を行います。患者の状態観察や精神的サポートも重要な役割です。
理学療法士,医療,身体機能の回復を支援,理学療法士は、怪我や病気で身体機能が低下した患者のリハビリテーションを行います。運動療法や物理療法を用いて、患者の回復を支援します。
歯科医師,医療,口腔の健康を守る,歯科医師は、歯や口腔の診断、治療、予防を専門とします。虫歯の治療、歯周病の管理、入れ歯の作成など、口腔の健康全般を担当します。
教師,教育,生徒の成長を支援する,教師は、生徒に知識や技能を教えるだけでなく、人格形成や社会性の発達を支援します。小学校、中学校、高校、大学など、様々な教育段階で活躍します。
特別支援教育教師,教育,特別なニーズを持つ生徒を支援,特別支援教育教師は、学習障害や身体障害を持つ生徒の教育を担当します。個別の教育計画を立て、生徒の潜在能力を最大限に引き出します。
大学教授,教育,高等教育と研究を行う,大学教授は、専門分野の講義や研究指導を行います。学術研究の推進や論文発表も重要な役割で、次世代の研究者育成にも貢献します。
学校カウンセラー,教育,生徒の精神的サポートを行う,学校カウンセラーは、生徒の心理的問題や学習上の困難に対応します。個別カウンセリングや教職員へのアドバイスを通じて、学校全体の精神衛生を支えます。
幼稚園教諭,教育,幼児教育を担当,幼稚園教諭は、幼児の社会性、創造性、基本的生活習慣の発達を促します。遊びを通じた学習や、保護者との連携が重要な役割となります。
弁護士,法律,人々の権利を守る,弁護士は、法律の専門家として、個人や企業の権利を守り、法的問題の解決を支援します。訴訟代理、法律相談、契約書作成など、幅広い業務を行います。
裁判官,法律,法を解釈し判決を下す,裁判官は、法廷で証拠を審理し、法律に基づいて判決を下します。公平性と法律知識が求められ、司法システムの要となる重要な役割を果たします。
検察官,法律,国家を代表して起訴する,検察官は、犯罪を起訴し、法廷で訴追を行います。警察と協力して捜査を指揮し、社会の秩序維持に貢献します。
司法書士,法律,法務書類の作成と手続き,司法書士は、不動産登記や商業登記、裁判所への訴状提出などの法的手続きを代行します。法律知識を活かし、依頼者の権利を守ります。
パラリーガル,法律,弁護士の補助業務,パラリーガルは、弁護士の指示のもと、法的文書の作成、調査、依頼者との連絡などを行います。法律事務所の効率的な運営を支援します。
エンジニア,技術,技術革新を推進する,エンジニアは、様々な分野で新しい技術や製品の開発、設計、保守を行います。機械、電気、IT、化学など、専門分野は多岐にわたります。
建築士,技術,建物を設計する,建築士は、住宅やオフィスビルなどの建物を設計し、その建設を監督します。安全性、機能性、美観を考慮しながら、クライアントの要望を形にする創造的な職業です。
ソフトウェア開発者,技術,ソフトウェアを開発する,ソフトウェア開発者は、プログラムやアプリケーションを設計、コーディング、テストします。新しい技術を学び続け、ソフトウェアの品質を向上させます。
データサイエンティスト,技術,データを分析する,データサイエンティストは、大量のデータを分析し、ビジネス上の洞察を引き出します。統計学、プログラミング、機械学習の知識が求められます。
ロボット工学技術者,技術,ロボットを開発する,ロボット工学技術者は、産業用ロボットや自律型ロボットの設計、開発、プログラミングを行います。機械工学、電気工学、ソフトウェア工学の知識を組み合わせて革新的なロボットを創造します。
デザイナー,クリエイティブ,クリエイティブな解決策を提供する,デザイナーは、視覚的なアイデアを形にし、製品やサービスの魅力を高めます。グラフィックデザイン、プロダクトデザイン、UI/UXデザインなど、多岐にわたる分野で活躍します。
アートディレクター,クリエイティブ,クリエイティブプロジェクトを指揮する,アートディレクターは、広告キャンペーンや出版物の視覚的要素を統括します。クリエイティブチームを指揮し、クライアントの要望を視覚的に表現します。
ファッションデザイナー,クリエイティブ,服飾をデザインする,ファッションデザイナーは、衣服やアクセサリーをデザインし、トレンドを創造します。素材選びから縫製指示まで、ファッション製品の全工程に関わります。
インテリアデザイナー,クリエイティブ,室内空間をデザインする,インテリアデザイナーは、住宅やオフィス、商業施設の内装をデザインします。機能性と美観のバランスを取りながら、クライアントの要望に合わせた空間を創造します。
ゲームデザイナー,クリエイティブ,ゲームを企画・設計する,ゲームデザイナーは、ビデオゲームの構想、ルール設計、ストーリー作成を行います。プログラマーやアーティストと協力して、魅力的なゲーム体験を創造します。
美容師,サービス,髪を手入れする,美容師は、ヘアカット、カラーリング、パーマなどの技術を駆使して、顧客の髪型や外見を整えます。トレンドを把握し、顧客の要望に応える創造性が求められます。
シェフ,サービス,美味しい料理を作る,シェフは、レストランやホテルなどで料理を考案し、調理します。食材の選定から調理技術、盛り付けまで、幅広い知識と技能が必要です。創造性と管理能力も求められます。
ホテルマネージャー,サービス,ホテル運営を統括する,ホテルマネージャーは、ホテルの全体的な運営を管理します。顧客サービス、スタッフ管理、財務管理など、多岐にわたる責任を担います。
旅行代理店員,サービス,旅行プランを提案する,旅行代理店員は、顧客のニーズに合わせた旅行プランを提案し、予約手配を行います。目的地や交通手段、宿泊施設などの幅広い知識が必要です。
イベントプランナー,サービス,イベントを企画・運営する,イベントプランナーは、結婚式、企業イベント、コンサートなどの企画と運営を行います。クライアントの要望を実現するための調整力と創造性が求められます。
ジャーナリスト,メディア,情報を伝える,ジャーナリストは、ニュースや出来事を取材し、記事や報道を通じて情報を社会に伝えます。真実を追求し、公正な報道を行うことが求められる重要な職業です。
放送ディレクター,メディア,番組を制作する,放送ディレクターは、テレビやラジオ番組の企画、制作、演出を担当します。視聴者を引きつける魅力的なコンテンツを作り出す創造力が必要です。
映画監督,メディア,映画を制作する,映画監督は、映画の全体的なビジョンを持ち、俳優や制作スタッフを指揮して作品を完成させます。芸術性と商業性のバランスを取る能力が求められます。
アナウンサー,メディア,ニュースや情報を伝える,アナウンサーは、テレビやラジオでニュースや情報を視聴者に伝えます。明瞭な話し方と臨機応変な対応力、幅広い知識が必要です。
SNSマネージャー,メディア,ソーシャルメディアを運用する,SNSマネージャーは、企業や個人のソーシャルメディアアカウントの運用を担当します。効果的な情報発信と顧客とのエンゲージメント向上が主な業務です。
科学者,研究,新しい知識を発見する,科学者は、実験や観察を通じて自然界の原理を探求し、新しい知識を発見します。理論の構築や実証により、人類の知識を拡大し、技術革新に貢献します。
研究員,研究,専門分野の研究を行う,研究員は、大学や研究機関、企業の研究所などで特定の分野の研究を行います。新しい発見や技術開発を目指し、論文発表や特許取得に取り組みます。
考古学者,研究,過去の文明を研究する,考古学者は、発掘調査や遺物分析を通じて過去の文明や文化を研究します。歴史の解明や文化遺産の保護に貢献します。
天文学者,研究,宇宙を研究する,天文学者は、望遠鏡や観測機器を使用して宇宙の現象を観察し、研究します。星や銀河の形成、宇宙の起源など、宇宙の謎の解明に取り組みます。
人類学者,研究,人類の文化と進化を研究する,人類学者は、人類の文化、社会、生物学的特徴を研究します。フィールドワークや比較研究を通じて、人類の多様性と共通点を明らかにします。
タクシードライバー,交通,タクシーで乗客を目的地に運ぶ,乗客の要望に応じて迅速かつ安全に目的地まで運ぶ仕事です。
飛行機パイロット,交通,航空機を操縦する,国内外のフライトを担当し、安全に乗客と貨物を運ぶ仕事です。
鉄道運転士,交通,列車を運行する,鉄道会社で列車の運行を担当し、安全に乗客を運ぶ仕事です。
船舶操縦士,交通,船舶を操縦する,商船やフェリーを操縦し、乗客や貨物を安全に目的地まで運ぶ仕事です。
バイク宅配員,交通,バイクで荷物を配達する,指定された場所へ迅速に荷物を届ける仕事です。